player,club,position,age,true_value,predicted_value,residual,abs_residual,percentage_error,over_under,value_category
Adam Lallana,Brighton,MF,34.0,2599999.9999999986,2.9311015e+06,-331101.5000000014,331101.5000000014,12.734673076923137,Overestimated,Low (Q1)
Adama Traoré,Wolves,FW,26.0,20500000.000000022,8.3693375e+06,12130662.500000022,12130662.500000022,59.17396341463419,Underestimated,Medium-High (Q3)
Alejandro Garnacho,Manchester Utd,FW,18.0,1499999.9999999986,7.2872205e+06,-5787220.500000002,5787220.500000002,385.81470000000047,Overestimated,Low (Q1)
Aleksandar Mitrović,Fulham,FW,27.0,16500000.000000013,8.003278e+06,8496722.000000013,8496722.000000013,51.49528484848489,Underestimated,Medium-High (Q3)
Alex Iwobi,Everton,MF,26.0,6499999.999999999,1.0521626e+07,-4021626.000000001,4021626.000000001,61.871169230769254,Overestimated,Low (Q1)
Alex Oxlade-Chamberlain,Liverpool,FW,28.0,10499999.999999994,1.1409229e+07,-909229.0000000056,909229.0000000056,8.659323809523867,Overestimated,Medium-Low (Q2)
Allan Saint-Maximin,Newcastle Utd,FW,25.0,32499999.999999955,2.1762658e+07,10737341.999999955,10737341.999999955,33.037975384615294,Underestimated,High (Q4)
Anthony Elanga,Manchester Utd,FW,20.0,9500000.000000015,8.456622e+06,1043378.0000000149,1043378.0000000149,10.982926315789614,Underestimated,Medium-Low (Q2)
Anthony Gordon,2 Teams,FW,21.0,12499999.999999985,3.3967892e+06,9103210.749999985,9103210.749999985,72.82568599999996,Underestimated,Medium-Low (Q2)
Anthony Martial,Manchester Utd,FW,26.0,27999999.99999999,3.847954e+07,-10479540.000000011,10479540.000000011,37.426928571428626,Overestimated,Medium-High (Q3)
Armando Broja,Chelsea,FW,20.0,12499999.999999985,4.8439945e+06,7656005.499999985,7656005.499999985,61.24804399999996,Underestimated,Medium-Low (Q2)
Bernardo Silva,Manchester City,MF,27.0,97499999.99999984,1.9772766e+07,77727233.99999984,77727233.99999984,79.72023999999996,Underestimated,High (Q4)
Bertrand Traoré,Aston Villa,FW,26.0,8999999.999999996,3.593306e+06,5406693.999999996,5406693.999999996,60.07437777777776,Underestimated,Medium-Low (Q2)
Bobby De Cordova-Reid,Fulham,FW,29.0,4099998.9999999977,5.029124e+06,-929125.0000000023,929125.0000000023,22.66159089307102,Overestimated,Low (Q1)
Brennan Johnson,Nott'ham Forest,FW,21.0,12499999.999999985,6.1171555e+06,6382844.499999985,6382844.499999985,51.06275599999994,Underestimated,Medium-Low (Q2)
Bruno Fernandes,Manchester Utd,MF,27.0,78499999.99999994,4.2729096e+07,35770903.99999994,35770903.99999994,45.568030573248365,Underestimated,High (Q4)
Bryan Gil,Tottenham,MF,21.0,23500000.00000002,3.5296372e+06,19970362.75000002,19970362.75000002,84.98026702127662,Underestimated,Medium-High (Q3)
Bryan Mbeumo,Brentford,FW,22.0,8999999.999999996,6.959505e+06,2040494.9999999963,2040494.9999999963,22.672166666666634,Underestimated,Medium-Low (Q2)
Bukayo Saka,Arsenal,FW,20.0,60500000.000000104,4.6542664e+07,13957336.000000104,13957336.000000104,23.069976859504266,Underestimated,High (Q4)
Callum Wilson,Newcastle Utd,FW,30.0,16999999.999999974,2.7793536e+07,-10793536.000000026,10793536.000000026,63.491388235294366,Overestimated,Medium-High (Q3)
Carney Chukwuemeka,Chelsea,MF,18.0,1899999.9999999993,1.2496775e+06,650322.4999999993,650322.4999999993,34.22749999999998,Underestimated,Low (Q1)
Chris Wood,2 Teams,FW,30.0,7500000.000000002,6.222577e+06,1277423.0000000019,1277423.0000000019,17.03230666666669,Underestimated,Medium-Low (Q2)
Christian Pulisic,Chelsea,FW,23.0,48000000.00000006,1.7420108e+07,30579892.00000006,30579892.00000006,63.70810833333338,Underestimated,High (Q4)
Cole Palmer,Manchester City,MF,20.0,2700000.0,4.3744945e+06,-1674494.5,1674494.5,62.018314814814815,Overestimated,Low (Q1)
Cristiano Ronaldo,Manchester Utd,FW,37.0,40999999.999999985,3.9205048e+06,37079495.249999985,37079495.249999985,90.43779329268293,Underestimated,High (Q4)
Daniel Podence,Wolves,FW,26.0,16500000.000000013,2.007181e+07,-3571809.999999987,3571809.999999987,21.647333333333236,Overestimated,Medium-High (Q3)
Danny Ings,2 Teams,FW,30.0,17499999.999999985,4.0346108e+06,13465389.249999985,13465389.249999985,76.9450814285714,Underestimated,Medium-High (Q3)
Danny Welbeck,Brighton,FW,31.0,4799999.999999999,5.145181e+06,-345181.00000000093,345181.00000000093,7.191270833333355,Overestimated,Low (Q1)
Darwin Núñez,Liverpool,FW,23.0,61500000.00000002,4.4798076e+07,16701924.000000022,16701924.000000022,27.157600000000027,Underestimated,High (Q4)
Dejan Kulusevski,Tottenham,MF,22.0,41500000.00000007,2.3923998e+07,17576002.000000067,17576002.000000067,42.35181204819287,Underestimated,High (Q4)
Demarai Gray,Everton,FW,26.0,12499999.999999985,5.5072175e+06,6992782.499999985,6992782.499999985,55.94225999999994,Underestimated,Medium-Low (Q2)
Deniz Undav,Brighton,FW,26.0,14000000.00000001,5.2441395e+06,8755860.50000001,8755860.50000001,62.54186071428573,Underestimated,Medium-Low (Q2)
Diogo Jota,Liverpool,FW,25.0,76000000.00000007,2.7822232e+07,48177768.000000075,48177768.000000075,63.39180000000003,Underestimated,High (Q4)
Djed Spence,Tottenham,FW,21.0,12000000.000000007,2.3392122e+06,9660787.750000007,9660787.750000007,80.50656458333336,Underestimated,Medium-Low (Q2)
Dominic Calvert-Lewin,Everton,FW,25.0,29499999.999999966,4.6599925e+06,24840007.499999966,24840007.499999966,84.20341525423727,Underestimated,Medium-High (Q3)
Dwight McNeil,Everton,FW,22.0,11500000.000000019,4.955718e+06,6544282.000000019,6544282.000000019,56.90680000000007,Underestimated,Medium-Low (Q2)
Eberechi Eze,Crystal Palace,MF,24.0,11500000.000000019,7.2771645e+06,4222835.500000019,4222835.500000019,36.72030869565228,Underestimated,Medium-Low (Q2)
Emile Smith Rowe,Arsenal,MF,22.0,43000000.000000015,1.0195459e+07,32804541.000000015,32804541.000000015,76.28963023255815,Underestimated,High (Q4)
Erling Haaland,Manchester City,FW,22.0,148000000.00000018,6.456253e+07,83437472.00000018,83437472.00000018,56.376670270270324,Underestimated,High (Q4)
Evan Ferguson,Brighton,FW,17.0,700000.0000000006,1.8237791e+06,-1123779.1249999995,1123779.1249999995,160.5398749999998,Overestimated,Low (Q1)
Fabio Carvalho,Liverpool,MF,19.0,6999999.999999995,3.811832e+06,3188167.9999999953,3188167.9999999953,45.5452571428571,Underestimated,Medium-Low (Q2)
Fabio Vieira,Arsenal,MF,22.0,23500000.00000002,1.6410624e+07,7089376.000000019,7089376.000000019,30.16755744680857,Underestimated,Medium-High (Q3)
Gabriel Jesus,Arsenal,FW,25.0,48499999.99999994,4.2920804e+07,5579195.99999994,5579195.99999994,11.503496907216386,Underestimated,High (Q4)
Gabriel Martinelli,Arsenal,FW,21.0,31500000.00000002,4.506572e+07,-13565719.999999981,13565719.999999981,43.06577777777769,Overestimated,High (Q4)
Gianluca Scamacca,West Ham,FW,23.0,33500000.0,1.4049045e+07,19450955.0,19450955.0,58.06255223880598,Underestimated,High (Q4)
Gonçalo Guedes,Wolves,FW,25.0,40999999.999999985,1.4323651e+07,26676348.999999985,26676348.999999985,65.06426585365853,Underestimated,High (Q4)
Hakim Ziyech,Chelsea,FW,29.0,35499999.999999955,1.5522515e+07,19977484.999999955,19977484.999999955,56.274605633802764,Underestimated,High (Q4)
Harry Kane,Tottenham,FW,29.0,105500000.00000015,3.3690212e+07,71809788.00000015,71809788.00000015,68.06614976303322,Underestimated,High (Q4)
Harry Wilson,Fulham,FW,25.0,9999999.999999996,6.252928e+06,3747071.9999999963,3747071.9999999963,37.47071999999997,Underestimated,Medium-Low (Q2)
Harvey Elliott,Liverpool,MF,19.0,6999999.999999995,3.0679328e+06,3932067.2499999953,3932067.2499999953,56.17238928571425,Underestimated,Medium-Low (Q2)
Hwang Hee-chan,Wolves,FW,26.0,12499999.999999985,1.8836598e+07,-6336598.000000015,6336598.000000015,50.69278400000018,Overestimated,Medium-Low (Q2)
Ivan Toney,Brentford,FW,26.0,13000000.000000013,9.508326e+06,3491674.000000013,3491674.000000013,26.85903076923084,Underestimated,Medium-Low (Q2)
Jack Grealish,Manchester City,FW,26.0,49500000.00000008,2.5954796e+07,23545204.000000082,23545204.000000082,47.566068686868775,Underestimated,High (Q4)
Jacob Murphy,Newcastle Utd,FW,27.0,3200000.000000008,1.717429e+07,-13974289.999999993,13974289.999999993,436.6965624999987,Overestimated,Low (Q1)
Jacob Ramsey,Aston Villa,MF,21.0,12499999.999999985,3.8530735e+06,8646926.499999985,8646926.499999985,69.17541199999995,Underestimated,Medium-Low (Q2)
Jadon Sancho,Manchester Utd,FW,22.0,61500000.00000002,2.7714556e+07,33785444.00000002,33785444.00000002,54.93568130081302,Underestimated,High (Q4)
Jarrod Bowen,West Ham,FW,25.0,27999999.99999999,2.1313946e+07,6686053.999999989,6686053.999999989,23.878764285714254,Underestimated,Medium-High (Q3)
Jay Stansfield,Fulham,FW,19.0,1299999.9999999993,906693.44,393306.5624999993,393306.5624999993,30.254350961538425,Underestimated,Low (Q1)
Jean-Philippe Mateta,Crystal Palace,FW,25.0,9999999.999999996,7.5928605e+06,2407139.4999999963,2407139.4999999963,24.07139499999997,Underestimated,Medium-Low (Q2)
Jeffrey Schlupp,Crystal Palace,MF,29.0,7500000.000000002,4.763868e+06,2736132.000000002,2736132.000000002,36.481760000000016,Underestimated,Medium-Low (Q2)
Jesse Lingard,Nott'ham Forest,FW,29.0,14000000.00000001,5.7990065e+06,8200993.500000009,8200993.500000009,58.57852500000003,Underestimated,Medium-Low (Q2)
Joelinton,Newcastle Utd,MF,25.0,7500000.000000002,2.8643328e+07,-21143328.0,21143328.0,281.9110399999999,Overestimated,Medium-Low (Q2)
John McGinn,Aston Villa,MF,27.0,20000000.000000015,6.7290575e+06,13270942.500000015,13270942.500000015,66.35471250000002,Underestimated,Medium-High (Q3)
Jordan Ayew,Crystal Palace,FW,30.0,5500000.000000001,4.934416e+06,565584.0000000009,565584.0000000009,10.28334545454547,Underestimated,Low (Q1)
Julio Enciso,Brighton,FW,18.0,1299999.9999999993,2.2428355e+06,-942835.5000000007,942835.5000000007,72.52580769230778,Overestimated,Low (Q1)
Julián Álvarez,Manchester City,FW,22.0,31999999.999999955,1.5853385e+07,16146614.999999955,16146614.999999955,50.458171874999934,Underestimated,High (Q4)
Kaoru Mitoma,Brighton,FW,25.0,5500000.000000001,6.533387e+06,-1033386.9999999991,1033386.9999999991,18.788854545454527,Overestimated,Low (Q1)
Keane Lewis-Potter,Brentford,FW,21.0,4199999.999999997,2.736251e+06,1463748.9999999972,1463748.9999999972,34.85116666666662,Underestimated,Low (Q1)
Leandro Trossard,2 Teams,FW,27.0,18500000.000000034,7.5906375e+06,10909362.500000034,10909362.500000034,58.969527027027105,Underestimated,Medium-High (Q3)
Luis Díaz,Liverpool,FW,25.0,56000000.00000003,2.7865248e+07,28134752.00000003,28134752.00000003,50.2406285714286,Underestimated,High (Q4)
Manor Solomon,Fulham,FW,23.0,16999999.999999974,5.476604e+06,11523395.999999974,11523395.999999974,67.78468235294113,Underestimated,Medium-High (Q3)
Manuel Lanzini,West Ham,MF,29.0,16999999.999999974,1.122622e+07,5773779.999999974,5773779.999999974,33.96341176470578,Underestimated,Medium-High (Q3)
Marcus Rashford,Manchester Utd,FW,24.0,36999999.99999993,4.0747044e+07,-3747044.000000067,3747044.000000067,10.127145945946145,Overestimated,High (Q4)
Mason Mount,Chelsea,MF,23.0,57500000.00000004,1.6326765e+07,41173235.00000004,41173235.00000004,71.60562608695655,Underestimated,High (Q4)
Maxwel Cornet,West Ham,FW,25.0,18500000.000000034,1.1710105e+07,6789895.0000000335,6789895.0000000335,36.70213513513525,Underestimated,Medium-High (Q3)
Michael Olise,Crystal Palace,FW,20.0,16500000.000000013,5.469302e+06,11030698.000000013,11030698.000000013,66.85271515151517,Underestimated,Medium-High (Q3)
Michail Antonio,West Ham,FW,32.0,14000000.00000001,1.4559654e+07,-559653.9999999907,559653.9999999907,3.997528571428502,Overestimated,Medium-Low (Q2)
Miguel Almirón,Newcastle Utd,FW,28.0,14000000.00000001,3.3486868e+07,-19486867.999999993,19486867.999999993,139.19191428571415,Overestimated,Medium-Low (Q2)
Mohamed Salah,Liverpool,FW,30.0,115500000.0,6.207544e+07,53424560.0,53424560.0,46.2550303030303,Underestimated,High (Q4)
Morgan Gibbs-White,2 Teams,FW,22.0,12499999.999999985,6.939119e+06,5560880.999999985,5560880.999999985,44.48704799999994,Underestimated,Medium-Low (Q2)
Neal Maupay,2 Teams,FW,25.0,9500000.000000015,7.1842525e+06,2315747.500000015,2315747.500000015,24.376289473684327,Underestimated,Medium-Low (Q2)
Odsonne Édouard,Crystal Palace,FW,24.0,12000000.000000007,6.213303e+06,5786697.000000007,5786697.000000007,48.22247500000003,Underestimated,Medium-Low (Q2)
Ollie Watkins,Aston Villa,FW,26.0,18500000.000000034,9.165737e+06,9334263.000000034,9334263.000000034,50.455475675675764,Underestimated,Medium-High (Q3)
Pablo Fornals,West Ham,FW,26.0,21500000.00000001,1.24976e+07,9002400.000000011,9002400.000000011,41.87162790697678,Underestimated,Medium-High (Q3)
Pape Matar Sarr,Tottenham,MF,19.0,4000000.0000000005,2.8867875e+06,1113212.5000000005,1113212.5000000005,27.83031250000001,Underestimated,Low (Q1)
Pedro Neto,Wolves,FW,22.0,28500000.000000034,1.3972989e+07,14527011.000000034,14527011.000000034,50.97196842105269,Underestimated,Medium-High (Q3)
Phil Foden,Manchester City,FW,22.0,109500000.00000016,3.390966e+07,75590340.00000016,75590340.00000016,69.03227397260278,Underestimated,High (Q4)
Philippe Coutinho,Aston Villa,MF,30.0,29499999.999999966,4.8549925e+06,24645007.499999966,24645007.499999966,83.54239830508473,Underestimated,Medium-High (Q3)
Raheem Sterling,Chelsea,FW,27.0,72500000.00000022,3.206353e+07,40436470.00000022,40436470.00000022,55.77444137931048,Underestimated,High (Q4)
Raúl Jiménez,Wolves,FW,31.0,25500000.000000026,9.837378e+06,15662622.000000026,15662622.000000026,61.42204705882357,Underestimated,Medium-High (Q3)
Reiss Nelson,Arsenal,FW,22.0,6000000.0,1.2044297e+07,-6044297.0,6044297.0,100.73828333333333,Overestimated,Low (Q1)
Richarlison,Tottenham,MF,25.0,34499999.99999998,1.955624e+07,14943759.999999978,14943759.999999978,43.31524637681156,Underestimated,High (Q4)
Riyad Mahrez,Manchester City,FW,31.0,56500000.00000009,2.8330312e+07,28169688.00000009,28169688.00000009,49.85785486725672,Underestimated,High (Q4)
Roberto Firmino,Liverpool,FW,30.0,35499999.999999955,3.4696064e+07,803935.9999999553,803935.9999999553,2.2646084507041024,Underestimated,High (Q4)
Ryan Fraser,Newcastle Utd,FW,28.0,7500000.000000002,1.0604007e+07,-3104006.999999998,3104006.999999998,41.38675999999997,Overestimated,Medium-Low (Q2)
Salomón Rondón,Everton,FW,32.0,3400000.000000002,3.9177315e+06,-517731.49999999814,517731.49999999814,15.227397058823467,Overestimated,Low (Q1)
Sam Surridge,Nott'ham Forest,FW,24.0,3000000.000000001,4.449964e+06,-1449963.999999999,1449963.999999999,48.33213333333329,Overestimated,Low (Q1)
Samuel Edozie,Southampton,FW,19.0,1100000.0000000016,1.7331949e+06,-633194.8749999984,633194.8749999984,57.56317045454522,Overestimated,Low (Q1)
Saïd Benrahma,West Ham,FW,26.0,15499999.999999987,2.4115178e+07,-8615178.000000013,8615178.000000013,55.581793548387225,Overestimated,Medium-High (Q3)
Sergi Canós,Brentford,FW,25.0,2900000.0000000014,2.3316972e+06,568302.7500000014,568302.7500000014,19.596646551724177,Underestimated,Low (Q1)
Solly March,Brighton,FW,28.0,5500000.000000001,8.680337e+06,-3180336.999999999,3180336.999999999,57.82430909090907,Overestimated,Low (Q1)
Son Heung-min,Tottenham,MF,30.0,100999999.99999991,3.2717324e+07,68282675.99999991,68282675.99999991,67.60660990099007,Underestimated,High (Q4)
Taiwo Awoniyi,Nott'ham Forest,FW,24.0,14499999.99999999,6.602859e+06,7897140.999999991,7897140.999999991,54.46304137931032,Underestimated,Medium-High (Q3)
Wilfried Zaha,Crystal Palace,FW,29.0,30000000.00000005,6.14313e+06,23856870.00000005,23856870.00000005,79.52290000000004,Underestimated,High (Q4)
Willian,Fulham,FW,33.0,11500000.000000019,4.5344615e+06,6965538.500000019,6965538.500000019,60.56990000000007,Underestimated,Medium-Low (Q2)
Yoane Wissa,Brentford,FW,25.0,6499999.999999999,6.481839e+06,18160.99999999907,18160.99999999907,0.2793999999999857,Underestimated,Low (Q1)
Aaron Ramsdale,Arsenal,GK,24.0,34499999.99999998,1.602445e+07,18475549.999999978,18475549.999999978,53.55231884057968,Underestimated,High (Q4)
Alphonse Areola,West Ham,GK,29.0,20000000.000000015,9.537551e+06,10462449.000000015,10462449.000000015,52.31224500000003,Underestimated,Medium-High (Q3)
Bernd Leno,Fulham,GK,30.0,14000000.00000001,6.028811e+06,7971189.000000009,7971189.000000009,56.937064285714314,Underestimated,Medium-Low (Q2)
Brandon Austin,Tottenham,GK,23.0,1100000.0000000016,1.4903374e+06,-390337.37499999837,390337.37499999837,35.485215909090705,Overestimated,Low (Q1)
Caoimhín Kelleher,Liverpool,GK,23.0,4999999.999999999,6.460708e+06,-1460708.000000001,1460708.000000001,29.21416000000002,Overestimated,Low (Q1)
Darren Randolph,2 Teams,GK,35.0,349999.9999999997,275931.66,74068.34374999971,74068.34374999971,21.162383928571362,Underestimated,Low (Q1)
David Raya,Brentford,GK,26.0,6999999.999999995,7.141647e+06,-141647.00000000466,141647.00000000466,2.0235285714286393,Overestimated,Medium-Low (Q2)
David de Gea,Manchester Utd,GK,31.0,42000000.00000003,1.171158e+07,30288420.00000003,30288420.00000003,72.11528571428573,Underestimated,High (Q4)
Dean Henderson,Nott'ham Forest,GK,25.0,17999999.999999985,6.1977445e+06,11802255.499999985,11802255.499999985,65.56808611111109,Underestimated,Medium-High (Q3)
Ederson,Manchester City,GK,28.0,87999999.99999991,2.4624366e+07,63375633.99999991,63375633.99999991,72.01776590909088,Underestimated,High (Q4)
Edouard Mendy,Chelsea,GK,30.0,50999999.99999997,7.9069975e+06,43093002.49999997,43093002.49999997,84.49608333333333,Underestimated,High (Q4)
Emiliano Martínez,Aston Villa,GK,29.0,28999999.999999948,6.4043625e+06,22595637.499999948,22595637.499999948,77.9159913793103,Underestimated,Medium-High (Q3)
Fraser Forster,Tottenham,GK,34.0,1299999.9999999993,2.8684855e+06,-1568485.5000000007,1568485.5000000007,120.65273076923089,Overestimated,Low (Q1)
George Shelvey,Nott'ham Forest,GK,21.0,250000.00000000023,636084.1,-386084.12499999977,386084.12499999977,154.43364999999974,Overestimated,Low (Q1)
Hugo Lloris,Tottenham,GK,35.0,8999999.999999996,9.041277e+06,-41277.000000003725,41277.000000003725,0.4586333333333749,Overestimated,Medium-Low (Q2)
Jack Butland,2 Teams,GK,29.0,2100000.0000000047,1.829486e+06,270514.00000000466,270514.00000000466,12.881619047619242,Underestimated,Low (Q1)
Jason Steele,Brighton,GK,31.0,375000.0000000007,3.1424872e+06,-2767487.249999999,2767487.249999999,737.9965999999984,Overestimated,Low (Q1)
Jordan Pickford,Everton,GK,28.0,25999999.999999985,8.378242e+06,17621757.999999985,17621757.999999985,67.77599230769229,Underestimated,Medium-High (Q3)
José Sá,Wolves,GK,29.0,20000000.000000015,1.7796006e+07,2203994.000000015,2203994.000000015,11.019970000000066,Underestimated,Medium-High (Q3)
Karl Darlow,Newcastle Utd,GK,31.0,3000000.000000001,3.8961175e+06,-896117.4999999991,896117.4999999991,29.870583333333293,Overestimated,Low (Q1)
Kepa Arrizabalaga,Chelsea,GK,27.0,20500000.000000022,1.3980053e+07,6519947.000000022,6519947.000000022,31.8046195121952,Underestimated,Medium-High (Q3)
Loris Karius,Newcastle Utd,GK,29.0,1699999.9999999958,4.261829e+06,-2561829.000000004,2561829.000000004,150.69582352941237,Overestimated,Low (Q1)
Marcus Bettinelli,Chelsea,GK,30.0,1200000.0000000005,1.5509491e+06,-350949.12499999953,350949.12499999953,29.245760416666617,Overestimated,Low (Q1)
Marek Rodák,Fulham,GK,25.0,6499999.999999999,2.3700092e+06,4129990.749999999,4129990.749999999,63.538319230769225,Underestimated,Low (Q1)
Matt Turner,Arsenal,GK,28.0,9500000.000000015,3.4823962e+06,6017603.750000015,6017603.750000015,63.34319736842111,Underestimated,Medium-Low (Q2)
Nick Pope,Newcastle Utd,GK,30.0,16999999.999999974,1.3334543e+07,3665456.999999974,3665456.999999974,21.561511764705763,Underestimated,Medium-High (Q3)
Robert Sánchez,Brighton,GK,24.0,13499999.999999993,5.710735e+06,7789264.999999993,7789264.999999993,57.69825925925923,Underestimated,Medium-Low (Q2)
Robin Olsen,Aston Villa,GK,32.0,2800000.000000002,2.7112858e+06,88714.25000000186,88714.25000000186,3.168366071428636,Underestimated,Low (Q1)
Sam Johnstone,Crystal Palace,GK,29.0,4700000.000000012,3.2798742e+06,1420125.750000012,1420125.750000012,30.215441489361883,Underestimated,Low (Q1)
Scott Carson,Manchester City,GK,36.0,80000.0,240436.14,-160436.140625,160436.140625,200.54517578125,Overestimated,Low (Q1)
Stefan Ortega,Manchester City,GK,29.0,14499999.99999999,7.5111815e+06,6988818.499999991,6988818.499999991,48.19874827586204,Underestimated,Medium-High (Q3)
Thomas Strakosha,Brentford,GK,27.0,14000000.00000001,1.5583698e+06,12441630.25000001,12441630.25000001,88.86878750000001,Underestimated,Medium-Low (Q2)
Tom Heaton,Manchester Utd,GK,36.0,349999.9999999997,339600.44,10399.562499999709,10399.562499999709,2.971303571428491,Underestimated,Low (Q1)
Vicente Guaita,Crystal Palace,GK,35.0,1899999.9999999993,2.0955886e+06,-195588.6250000007,195588.6250000007,10.294138157894778,Overestimated,Low (Q1)
Wayne Hennessey,Nott'ham Forest,GK,35.0,474999.99999999977,583224.44,-108224.43750000023,108224.43750000023,22.784092105263216,Overestimated,Low (Q1)
Abdoulaye Doucouré,Everton,MF,29.0,16999999.999999974,5.980822e+06,11019177.999999974,11019177.999999974,64.818694117647,Underestimated,Medium-High (Q3)
Adam Lallana,Brighton,MF,34.0,2599999.9999999986,2.9311015e+06,-331101.5000000014,331101.5000000014,12.734673076923137,Overestimated,Low (Q1)
Adama Traoré,Wolves,FW,26.0,20500000.000000022,8.3693375e+06,12130662.500000022,12130662.500000022,59.17396341463419,Underestimated,Medium-High (Q3)
Ainsley Maitland-Niles,Southampton,DF,24.0,6499999.999999999,5.203999e+06,1296000.999999999,1296000.999999999,19.938476923076912,Underestimated,Low (Q1)
Albert Sambi Lokonga,2 Teams,MF,22.0,12499999.999999985,4.246647e+06,8253352.999999985,8253352.999999985,66.02682399999996,Underestimated,Medium-Low (Q2)
Alejandro Garnacho,Manchester Utd,FW,18.0,1499999.9999999986,7.2872205e+06,-5787220.500000002,5787220.500000002,385.81470000000047,Overestimated,Low (Q1)
Alex Iwobi,Everton,MF,26.0,6499999.999999999,1.0521626e+07,-4021626.000000001,4021626.000000001,61.871169230769254,Overestimated,Low (Q1)
Alex Oxlade-Chamberlain,Liverpool,FW,28.0,10499999.999999994,1.1409229e+07,-909229.0000000056,909229.0000000056,8.659323809523867,Overestimated,Medium-Low (Q2)
Alexis Mac Allister,Brighton,MF,23.0,12000000.000000007,6.2013745e+06,5798625.500000007,5798625.500000007,48.3218791666667,Underestimated,Medium-Low (Q2)
Andreas Pereira,Fulham,MF,26.0,9999999.999999996,7.703411e+06,2296588.9999999963,2296588.9999999963,22.965889999999973,Underestimated,Medium-Low (Q2)
Anthony Gordon,Newcastle Utd,FW,21.0,12499999.999999985,5.890165e+06,6609834.999999985,6609834.999999985,52.878679999999946,Underestimated,Medium-Low (Q2)
Ben Chilwell,Chelsea,DF,25.0,36999999.99999993,1.0894677e+07,26105322.999999933,26105322.999999933,70.55492702702696,Underestimated,High (Q4)
Bernardo Silva,Manchester City,MF,27.0,97499999.99999984,1.9772766e+07,77727233.99999984,77727233.99999984,79.72023999999996,Underestimated,High (Q4)
Bertrand Traoré,Aston Villa,FW,26.0,8999999.999999996,3.593306e+06,5406693.999999996,5406693.999999996,60.07437777777776,Underestimated,Medium-Low (Q2)
Billy Gilmour,2 Teams,MF,21.0,4999999.999999999,2.973154e+06,2026845.999999999,2026845.999999999,40.53691999999999,Underestimated,Low (Q1)
Boubacar Kamara,Aston Villa,MF,22.0,30999999.999999978,6.267274e+06,24732725.999999978,24732725.999999978,79.78298709677418,Underestimated,High (Q4)
Brennan Johnson,Nott'ham Forest,FW,21.0,12499999.999999985,6.1171555e+06,6382844.499999985,6382844.499999985,51.06275599999994,Underestimated,Medium-Low (Q2)
Bruno Fernandes,Manchester Utd,MF,27.0,78499999.99999994,4.2729096e+07,35770903.99999994,35770903.99999994,45.568030573248365,Underestimated,High (Q4)
Bruno Guimarães,Newcastle Utd,MF,24.0,38500000.00000002,3.0020526e+07,8479474.000000022,8479474.000000022,22.02460779220784,Underestimated,High (Q4)
Bryan Gil,Tottenham,MF,21.0,23500000.00000002,3.5296372e+06,19970362.75000002,19970362.75000002,84.98026702127662,Underestimated,Medium-High (Q3)
Calum Chambers,Aston Villa,DF,27.0,5500000.000000001,4.5576995e+06,942300.5000000009,942300.5000000009,17.13273636363638,Underestimated,Low (Q1)
Cameron Archer,Aston Villa,FW,21.0,3500000.0000000056,882688.8,2617311.1875000056,2617311.1875000056,74.78031964285718,Underestimated,Low (Q1)
Carney Chukwuemeka,Chelsea,MF,18.0,1899999.9999999993,1.2496775e+06,650322.4999999993,650322.4999999993,34.22749999999998,Underestimated,Low (Q1)
Cheick Doucouré,Crystal Palace,MF,22.0,9999999.999999996,7.6509455e+06,2349054.4999999963,2349054.4999999963,23.490544999999972,Underestimated,Medium-Low (Q2)
Cheikhou Kouyaté,Nott'ham Forest,MF,32.0,7500000.000000002,4.64527e+06,2854730.000000002,2854730.000000002,38.063066666666685,Underestimated,Medium-Low (Q2)
Christian Eriksen,Manchester Utd,MF,30.0,28999999.999999948,2.3263908e+07,5736091.999999948,5736091.999999948,19.779627586206754,Underestimated,Medium-High (Q3)
Christian Nørgaard,Brentford,MF,28.0,6499999.999999999,7.171951e+06,-671951.0000000009,671951.0000000009,10.337707692307708,Overestimated,Low (Q1)
Cole Palmer,Manchester City,MF,20.0,2700000.0,4.3744945e+06,-1674494.5,1674494.5,62.018314814814815,Overestimated,Low (Q1)
Conor Gallagher,Chelsea,MF,22.0,35499999.999999955,1.2013805e+07,23486194.999999955,23486194.999999955,66.15829577464784,Underestimated,High (Q4)
Curtis Jones,Liverpool,MF,21.0,16999999.999999974,1.0190171e+07,6809828.999999974,6809828.999999974,40.05781764705873,Underestimated,Medium-High (Q3)
Daniel Podence,Wolves,FW,26.0,16500000.000000013,2.007181e+07,-3571809.999999987,3571809.999999987,21.647333333333236,Overestimated,Medium-High (Q3)
Declan Rice,West Ham,MF,23.0,51999999.99999991,1.8271758e+07,33728241.99999991,33728241.99999991,64.86200384615378,Underestimated,High (Q4)
Dejan Kulusevski,Tottenham,MF,22.0,41500000.00000007,2.3923998e+07,17576002.000000067,17576002.000000067,42.35181204819287,Underestimated,High (Q4)
Dele Alli,Everton,MF,26.0,14000000.00000001,1.7092166e+06,12290783.37500001,12290783.37500001,87.79130982142857,Underestimated,Medium-Low (Q2)
Demarai Gray,Everton,FW,26.0,12499999.999999985,5.5072175e+06,6992782.499999985,6992782.499999985,55.94225999999994,Underestimated,Medium-Low (Q2)
Deniz Undav,Brighton,FW,26.0,14000000.00000001,5.2441395e+06,8755860.50000001,8755860.50000001,62.54186071428573,Underestimated,Medium-Low (Q2)
Donny van de Beek,Manchester Utd,MF,25.0,25500000.000000026,1.2679478e+07,12820522.000000026,12820522.000000026,50.276556862745146,Underestimated,Medium-High (Q3)
Douglas Luiz,Aston Villa,MF,24.0,19499999.99999998,7.6658155e+06,11834184.499999981,11834184.499999981,60.6881256410256,Underestimated,Medium-High (Q3)
Dwight McNeil,Everton,FW,22.0,11500000.000000019,4.955718e+06,6544282.000000019,6544282.000000019,56.90680000000007,Underestimated,Medium-Low (Q2)
Eberechi Eze,Crystal Palace,MF,24.0,11500000.000000019,7.2771645e+06,4222835.500000019,4222835.500000019,36.72030869565228,Underestimated,Medium-Low (Q2)
Emile Smith Rowe,Arsenal,MF,22.0,43000000.000000015,1.0195459e+07,32804541.000000015,32804541.000000015,76.28963023255815,Underestimated,High (Q4)
Fabinho,Liverpool,MF,28.0,76999999.99999994,2.1595154e+07,55404845.99999994,55404845.99999994,71.95434545454543,Underestimated,High (Q4)
Fabio Carvalho,Liverpool,MF,19.0,6999999.999999995,3.811832e+06,3188167.9999999953,3188167.9999999953,45.5452571428571,Underestimated,Medium-Low (Q2)
Fabio Vieira,Arsenal,MF,22.0,23500000.00000002,1.6410624e+07,7089376.000000019,7089376.000000019,30.16755744680857,Underestimated,Medium-High (Q3)
Gonçalo Guedes,Wolves,FW,25.0,40999999.999999985,1.4323651e+07,26676348.999999985,26676348.999999985,65.06426585365853,Underestimated,High (Q4)
Granit Xhaka,Arsenal,MF,29.0,15000000.00000001,3.1831612e+07,-16831611.999999993,16831611.999999993,112.21074666666655,Overestimated,Medium-High (Q3)
Hakim Ziyech,Chelsea,FW,29.0,35499999.999999955,1.5522515e+07,19977484.999999955,19977484.999999955,56.274605633802764,Underestimated,High (Q4)
Harrison Reed,Fulham,MF,27.0,6000000.0,6.134477e+06,-134477.0,134477.0,2.2412833333333335,Overestimated,Low (Q1)
Harvey Elliott,Liverpool,MF,19.0,6999999.999999995,3.0679328e+06,3932067.2499999953,3932067.2499999953,56.17238928571425,Underestimated,Medium-Low (Q2)
Hwang Hee-chan,Wolves,FW,26.0,12499999.999999985,1.8836598e+07,-6336598.000000015,6336598.000000015,50.69278400000018,Overestimated,Medium-Low (Q2)
Isaac Price,Everton,MF,18.0,150000.00000000006,561466.9,-411466.87499999994,411466.87499999994,274.31124999999986,Overestimated,Low (Q1)
Ivan Perišić,Tottenham,DF,33.0,26499999.999999996,1.5274372e+07,11225627.999999996,11225627.999999996,42.360860377358485,Underestimated,Medium-High (Q3)
Jack Colback,Nott'ham Forest,MF,32.0,925000.0000000007,4.315892e+06,-3390891.999999999,3390891.999999999,366.5829189189185,Overestimated,Low (Q1)
Jacob Ramsey,Aston Villa,MF,21.0,12499999.999999985,3.8530735e+06,8646926.499999985,8646926.499999985,69.17541199999995,Underestimated,Medium-Low (Q2)
Jadon Sancho,Manchester Utd,FW,22.0,61500000.00000002,2.7714556e+07,33785444.00000002,33785444.00000002,54.93568130081302,Underestimated,High (Q4)
James Garner,2 Teams,MF,21.0,4999999.999999999,3.3469635e+06,1653036.499999999,1653036.499999999,33.060729999999985,Underestimated,Low (Q1)
James McArthur,Crystal Palace,MF,34.0,1899999.9999999993,912183.5,987816.4999999993,987816.4999999993,51.990342105263146,Underestimated,Low (Q1)
James Milner,Liverpool,MF,36.0,4399999.999999997,6.6396915e+06,-2239691.500000003,2239691.500000003,50.90207954545464,Overestimated,Low (Q1)
Jarrod Bowen,West Ham,FW,25.0,27999999.99999999,2.1313946e+07,6686053.999999989,6686053.999999989,23.878764285714254,Underestimated,Medium-High (Q3)
Jaïro Riedewald,Crystal Palace,DF,25.0,4500000.000000002,3.1163882e+06,1383611.7500000019,1383611.7500000019,30.746927777777806,Underestimated,Low (Q1)
Jeffrey Schlupp,Crystal Palace,MF,29.0,7500000.000000002,4.763868e+06,2736132.000000002,2736132.000000002,36.481760000000016,Underestimated,Medium-Low (Q2)
Jeremy Sarmiento,Brighton,MF,20.0,2100000.0000000047,2.242703e+06,-142702.99999999534,142702.99999999534,6.795380952380715,Overestimated,Low (Q1)
Jesse Lingard,Nott'ham Forest,FW,29.0,14000000.00000001,5.7990065e+06,8200993.500000009,8200993.500000009,58.57852500000003,Underestimated,Medium-Low (Q2)
Joe Willock,Newcastle Utd,MF,22.0,12499999.999999985,1.4755462e+07,-2255462.000000015,2255462.000000015,18.04369600000014,Overestimated,Medium-Low (Q2)
Joelinton,Newcastle Utd,MF,25.0,7500000.000000002,2.8643328e+07,-21143328.0,21143328.0,281.9110399999999,Overestimated,Medium-Low (Q2)
John McGinn,Aston Villa,MF,27.0,20000000.000000015,6.7290575e+06,13270942.500000015,13270942.500000015,66.35471250000002,Underestimated,Medium-High (Q3)
John Stones,Manchester City,DF,28.0,34499999.99999998,1.2205626e+07,22294373.999999978,22294373.999999978,64.62137391304346,Underestimated,High (Q4)
Jonjo Shelvey,2 Teams,MF,30.0,9999999.999999996,4.302815e+06,5697184.999999996,5697184.999999996,56.97184999999998,Underestimated,Medium-Low (Q2)
Jordan Ayew,Crystal Palace,FW,30.0,5500000.000000001,4.934416e+06,565584.0000000009,565584.0000000009,10.28334545454547,Underestimated,Low (Q1)
Jordan Henderson,Liverpool,MF,32.0,28500000.000000034,9.496816e+06,19003184.000000034,19003184.000000034,66.67783859649127,Underestimated,Medium-High (Q3)
Jorginho,2 Teams,MF,30.0,51499999.99999998,4.645093e+06,46854906.99999998,46854906.99999998,90.98040194174757,Underestimated,High (Q4)
Josh Dasilva,Brentford,MF,23.0,4599999.999999998,4.9018605e+06,-301860.50000000186,301860.50000000186,6.562184782608739,Overestimated,Low (Q1)
Josh Onomah,Fulham,MF,25.0,1899999.9999999993,2.2986038e+06,-398603.7500000007,398603.7500000007,20.97914473684215,Overestimated,Low (Q1)
João Moutinho,Wolves,MF,35.0,10499999.999999994,1.1253146e+07,-753146.0000000056,753146.0000000056,7.172819047619104,Overestimated,Medium-Low (Q2)
João Palhinha,Fulham,MF,27.0,28500000.000000034,8.695973e+06,19804027.000000034,19804027.000000034,69.48781403508775,Underestimated,Medium-High (Q3)
Julio Enciso,Brighton,FW,18.0,1299999.9999999993,2.2428355e+06,-942835.5000000007,942835.5000000007,72.52580769230778,Overestimated,Low (Q1)
Julián Álvarez,Manchester City,FW,22.0,31999999.999999955,1.5853385e+07,16146614.999999955,16146614.999999955,50.458171874999934,Underestimated,High (Q4)
Kalvin Phillips,Manchester City,MF,26.0,31999999.999999955,1.0484565e+07,21515434.999999955,21515434.999999955,67.23573437499995,Underestimated,High (Q4)
Kaoru Mitoma,Brighton,FW,25.0,5500000.000000001,6.533387e+06,-1033386.9999999991,1033386.9999999991,18.788854545454527,Overestimated,Low (Q1)
Keane Lewis-Potter,Brentford,FW,21.0,4199999.999999997,2.736251e+06,1463748.9999999972,1463748.9999999972,34.85116666666662,Underestimated,Low (Q1)
Kevin De Bruyne,Manchester City,MF,31.0,107500000.00000043,3.993409e+07,67565912.00000043,67565912.00000043,62.852011162790845,Underestimated,High (Q4)
Kobbie Mainoo,Manchester Utd,MF,17.0,1200000.0000000005,972607.5,227392.50000000047,227392.50000000047,18.949375000000032,Underestimated,Low (Q1)
Leander Dendoncker,2 Teams,MF,27.0,8499999.999999998,6.5103305e+06,1989669.4999999981,1989669.4999999981,23.407876470588217,Underestimated,Medium-Low (Q2)
Leandro Trossard,Brighton,FW,27.0,18500000.000000034,7.990176e+06,10509824.000000034,10509824.000000034,56.80985945945953,Underestimated,Medium-High (Q3)
Lewis O'Brien,Nott'ham Forest,MF,23.0,6000000.0,4.952921e+06,1047079.0,1047079.0,17.451316666666667,Underestimated,Low (Q1)
Lucas Moura,Tottenham,MF,29.0,20500000.000000022,1.4936515e+07,5563485.000000022,5563485.000000022,27.138951219512276,Underestimated,Medium-High (Q3)
Malcolm Ebiowei,Crystal Palace,MF,18.0,1699999.9999999958,433908.3,1266091.6874999958,1266091.6874999958,74.475981617647,Underestimated,Low (Q1)
Manuel Lanzini,West Ham,MF,29.0,16999999.999999974,1.122622e+07,5773779.999999974,5773779.999999974,33.96341176470578,Underestimated,Medium-High (Q3)
Martin Ødegaard,Arsenal,MF,23.0,63500000.000000015,7.414579e+07,-10645791.999999985,10645791.999999985,16.765026771653517,Overestimated,High (Q4)
Mason Mount,Chelsea,MF,23.0,57500000.00000004,1.6326765e+07,41173235.00000004,41173235.00000004,71.60562608695655,Underestimated,High (Q4)
Mateo Kovačić,Chelsea,MF,28.0,42000000.00000003,1.5290287e+07,26709713.00000003,26709713.00000003,63.59455476190479,Underestimated,High (Q4)
Matt Doherty,Tottenham,DF,30.0,8999999.999999996,9.428197e+06,-428197.0000000037,428197.0000000037,4.757744444444488,Overestimated,Medium-Low (Q2)
Matt Ritchie,Newcastle Utd,FW,32.0,2400000.000000001,6.517425e+06,-4117424.999999999,4117424.999999999,171.5593749999999,Overestimated,Low (Q1)
Michael Olise,Crystal Palace,FW,20.0,16500000.000000013,5.469302e+06,11030698.000000013,11030698.000000013,66.85271515151517,Underestimated,Medium-High (Q3)
Mohamed Elneny,Arsenal,MF,30.0,6499999.999999999,8.1244675e+06,-1624467.500000001,1624467.500000001,24.99180769230771,Overestimated,Low (Q1)
Moisés Caicedo,Brighton,MF,20.0,3799999.9999999995,3.4462065e+06,353793.49999999953,353793.49999999953,9.310355263157884,Underestimated,Low (Q1)
Morgan Gibbs-White,2 Teams,FW,22.0,12499999.999999985,6.939119e+06,5560880.999999985,5560880.999999985,44.48704799999994,Underestimated,Medium-Low (Q2)
N'Golo Kanté,Chelsea,MF,31.0,72000000.00000012,1.7714154e+07,54285846.00000012,54285846.00000012,75.39700833333337,Underestimated,High (Q4)
Naby Keïta,Liverpool,MF,27.0,29499999.999999966,1.1261949e+07,18238050.999999966,18238050.999999966,61.82390169491521,Underestimated,Medium-High (Q3)
Nathan Patterson,Everton,DF,20.0,2000000.0000000016,2.0023745e+06,-2374.49999999837,2374.49999999837,0.11872499999991842,Overestimated,Low (Q1)
Nathaniel Chalobah,Fulham,MF,27.0,3299999.9999999925,2.1156915e+06,1184308.4999999925,1184308.4999999925,35.88813636363622,Underestimated,Low (Q1)
Oliver Skipp,Tottenham,MF,21.0,20000000.000000015,7.1557725e+06,12844227.500000015,12844227.500000015,64.22113750000003,Underestimated,Medium-High (Q3)
Orel Mangala,Nott'ham Forest,MF,24.0,8499999.999999998,6.5575885e+06,1942411.4999999981,1942411.4999999981,22.851899999999983,Underestimated,Medium-Low (Q2)
Pablo Fornals,West Ham,FW,26.0,21500000.00000001,1.24976e+07,9002400.000000011,9002400.000000011,41.87162790697678,Underestimated,Medium-High (Q3)
Pape Matar Sarr,Tottenham,MF,19.0,4000000.0000000005,2.8867875e+06,1113212.5000000005,1113212.5000000005,27.83031250000001,Underestimated,Low (Q1)
Pascal Groß,Brighton,MF,31.0,8499999.999999998,6.6479155e+06,1852084.4999999981,1852084.4999999981,21.789229411764687,Underestimated,Medium-Low (Q2)
Pedro Neto,Wolves,FW,22.0,28500000.000000034,1.3972989e+07,14527011.000000034,14527011.000000034,50.97196842105269,Underestimated,Medium-High (Q3)
Philippe Coutinho,Aston Villa,MF,30.0,29499999.999999966,4.8549925e+06,24645007.499999966,24645007.499999966,83.54239830508473,Underestimated,Medium-High (Q3)
Raheem Sterling,Chelsea,FW,27.0,72500000.00000022,3.206353e+07,40436470.00000022,40436470.00000022,55.77444137931048,Underestimated,High (Q4)
Reece James,Chelsea,DF,22.0,57000000.000000045,8.94394e+06,48056060.000000045,48056060.000000045,84.30887719298246,Underestimated,High (Q4)
Richarlison,Tottenham,MF,25.0,34499999.99999998,1.955624e+07,14943759.999999978,14943759.999999978,43.31524637681156,Underestimated,High (Q4)
Riyad Mahrez,Manchester City,FW,31.0,56500000.00000009,2.8330312e+07,28169688.00000009,28169688.00000009,49.85785486725672,Underestimated,High (Q4)
Roberto Firmino,Liverpool,FW,30.0,35499999.999999955,3.4696064e+07,803935.9999999553,803935.9999999553,2.2646084507041024,Underestimated,High (Q4)
Rodri,Manchester City,MF,26.0,88499999.99999978,1.6496141e+07,72003858.99999978,72003858.99999978,81.36029265536719,Underestimated,High (Q4)
Rodrigo Bentancur,Tottenham,MF,25.0,24500000.000000007,2.9766118e+07,-5266117.999999993,5266117.999999993,21.494359183673435,Overestimated,Medium-High (Q3)
Ruben Loftus-Cheek,Chelsea,MF,26.0,9500000.000000015,1.2330884e+07,-2830883.999999985,2830883.999999985,29.798778947368216,Overestimated,Medium-Low (Q2)
Ryan Yates,Nott'ham Forest,MF,24.0,4399999.999999997,6.5607535e+06,-2160753.500000003,2160753.500000003,49.108034090909186,Overestimated,Low (Q1)
Rúben Neves,Wolves,MF,25.0,47499999.99999994,2.7452814e+07,20047185.99999994,20047185.99999994,42.204602105263085,Underestimated,High (Q4)
Rúben Vinagre,Everton,DF,23.0,6499999.999999999,3.9712302e+06,2528769.749999999,2528769.749999999,38.904149999999994,Underestimated,Low (Q1)
Saman Ghoddos,Brentford,MF,28.0,1200000.0000000005,4.3798835e+06,-3179883.4999999995,3179883.4999999995,264.9902916666665,Overestimated,Low (Q1)
Samuel Edozie,Southampton,FW,19.0,1100000.0000000016,1.7331949e+06,-633194.8749999984,633194.8749999984,57.56317045454522,Overestimated,Low (Q1)
Saïd Benrahma,West Ham,FW,26.0,15499999.999999987,2.4115178e+07,-8615178.000000013,8615178.000000013,55.581793548387225,Overestimated,Medium-High (Q3)
Scott McTominay,Manchester Utd,MF,25.0,24999999.999999963,1.4087416e+07,10912583.999999963,10912583.999999963,43.65033599999992,Underestimated,Medium-High (Q3)
Sean Longstaff,Newcastle Utd,MF,24.0,6499999.999999999,1.4499185e+07,-7999185.000000001,7999185.000000001,123.06438461538465,Overestimated,Low (Q1)
Son Heung-min,Tottenham,MF,30.0,100999999.99999991,3.2717324e+07,68282675.99999991,68282675.99999991,67.60660990099007,Underestimated,High (Q4)
Thiago Alcántara,Liverpool,MF,31.0,55499999.99999998,1.0162997e+07,45337002.99999998,45337002.99999998,81.68829369369368,Underestimated,High (Q4)
Thomas Partey,Arsenal,MF,29.0,36000000.000000045,1.5624817e+07,20375183.000000045,20375183.000000045,56.597730555555614,Underestimated,High (Q4)
Tom Cairney,Fulham,MF,31.0,4599999.999999998,3.676341e+06,923658.9999999981,923658.9999999981,20.079543478260835,Underestimated,Low (Q1)
Tom Davies,Everton,MF,24.0,7500000.000000002,5.1242375e+06,2375762.500000002,2375762.500000002,31.67683333333335,Underestimated,Medium-Low (Q2)
Tomáš Souček,West Ham,MF,27.0,27999999.99999999,1.9397798e+07,8602201.999999989,8602201.999999989,30.72214999999997,Underestimated,Medium-High (Q3)
Wilfried Zaha,Crystal Palace,FW,29.0,30000000.00000005,6.14313e+06,23856870.00000005,23856870.00000005,79.52290000000004,Underestimated,High (Q4)
Will Hughes,Crystal Palace,MF,27.0,6499999.999999999,5.2865555e+06,1213444.499999999,1213444.499999999,18.668376923076913,Underestimated,Low (Q1)
Yves Bissouma,Tottenham,MF,25.0,34499999.99999998,1.4519331e+07,19980668.999999978,19980668.999999978,57.91498260869562,Underestimated,High (Q4)
İlkay Gündoğan,Manchester City,MF,31.0,43999999.99999999,2.4076664e+07,19923335.999999993,19923335.999999993,45.280309090909086,Underestimated,High (Q4)
Aaron Cresswell,West Ham,DF,32.0,9500000.000000015,9.32376e+06,176240.0000000149,176240.0000000149,1.855157894736996,Underestimated,Medium-Low (Q2)
Aaron Hickey,Brentford,DF,20.0,12000000.000000007,2.1809802e+06,9819019.750000007,9819019.750000007,81.82516458333335,Underestimated,Medium-Low (Q2)
Aaron Wan-Bissaka,Manchester Utd,DF,24.0,26499999.999999996,1.1588854e+07,14911145.999999996,14911145.999999996,56.26847547169811,Underestimated,Medium-High (Q3)
Adam Webster,Brighton,DF,27.0,8499999.999999998,5.3806895e+06,3119310.499999998,3119310.499999998,36.69777058823528,Underestimated,Medium-Low (Q2)
Ainsley Maitland-Niles,Southampton,DF,24.0,6499999.999999999,5.203999e+06,1296000.999999999,1296000.999999999,19.938476923076912,Underestimated,Low (Q1)
Andrew Robertson,Liverpool,DF,28.0,72000000.00000012,2.2208444e+07,49791556.00000012,49791556.00000012,69.15493888888894,Underestimated,High (Q4)
Angelo Ogbonna,West Ham,DF,34.0,5500000.000000001,3.6715898e+06,1828410.250000001,1828410.250000001,33.243822727272736,Underestimated,Low (Q1)
Antonee Robinson,Fulham,DF,24.0,5500000.000000001,7.8479865e+06,-2347986.499999999,2347986.499999999,42.69066363636361,Overestimated,Low (Q1)
Ashley Young,Aston Villa,DF,37.0,1400000.0000000033,2.3025045e+06,-902504.4999999967,902504.4999999967,64.46460714285675,Overestimated,Low (Q1)
Aymeric Laporte,Manchester City,DF,28.0,64500000.000000104,8.278998e+06,56221002.000000104,56221002.000000104,87.16434418604652,Underestimated,High (Q4)
Ben Chilwell,Chelsea,DF,25.0,36999999.99999993,1.0894677e+07,26105322.999999933,26105322.999999933,70.55492702702696,Underestimated,High (Q4)
Ben Davies,Tottenham,DF,29.0,14499999.99999999,1.4622327e+07,-122327.00000000931,122327.00000000931,0.8436344827586855,Overestimated,Medium-High (Q3)
Ben Godfrey,Everton,DF,24.0,22000000.000000007,5.2692555e+06,16730744.500000007,16730744.500000007,76.04883863636364,Underestimated,Medium-High (Q3)
Ben Johnson,West Ham,DF,22.0,12499999.999999985,8.547742e+06,3952257.999999985,3952257.999999985,31.61806399999992,Underestimated,Medium-Low (Q2)
Ben Mee,Brentford,DF,32.0,8999999.999999996,4.781683e+06,4218316.999999996,4218316.999999996,46.87018888888887,Underestimated,Medium-Low (Q2)
Ben White,Arsenal,DF,24.0,32499999.999999955,1.4683001e+07,17816998.999999955,17816998.999999955,54.82153538461533,Underestimated,High (Q4)
Bobby De Cordova-Reid,Fulham,FW,29.0,4099998.9999999977,5.029124e+06,-929125.0000000023,929125.0000000023,22.66159089307102,Overestimated,Low (Q1)
Calum Chambers,Aston Villa,DF,27.0,5500000.000000001,4.5576995e+06,942300.5000000009,942300.5000000009,17.13273636363638,Underestimated,Low (Q1)
Chris Richards,Crystal Palace,DF,22.0,8999999.999999996,5.2428795e+06,3757120.4999999963,3757120.4999999963,41.74578333333331,Underestimated,Medium-Low (Q2)
Christian Pulisic,Chelsea,FW,23.0,48000000.00000006,1.7420108e+07,30579892.00000006,30579892.00000006,63.70810833333338,Underestimated,High (Q4)
Clément Lenglet,Tottenham,DF,27.0,16000000.000000026,1.9254408e+07,-3254407.999999974,3254407.999999974,20.340049999999803,Overestimated,Medium-High (Q3)
Conor Coady,2 Teams,DF,29.0,14499999.99999999,4.90115e+06,9598849.99999999,9598849.99999999,66.19896551724136,Underestimated,Medium-High (Q3)
Cristian Romero,Tottenham,DF,24.0,49500000.00000008,1.2897244e+07,36602756.00000008,36602756.00000008,73.94496161616166,Underestimated,High (Q4)
Cédric Soares,2 Teams,DF,30.0,4799999.999999999,3.730188e+06,1069811.999999999,1069811.999999999,22.287749999999985,Underestimated,Low (Q1)
César Azpilicueta,Chelsea,DF,32.0,20000000.000000015,8.421283e+06,11578717.000000015,11578717.000000015,57.89358500000004,Underestimated,Medium-High (Q3)
Dan Burn,Newcastle Utd,DF,30.0,8499999.999999998,1.1382103e+07,-2882103.000000002,2882103.000000002,33.90709411764709,Overestimated,Medium-Low (Q2)
Davinson Sánchez,Tottenham,DF,26.0,17999999.999999985,1.2060619e+07,5939380.999999985,5939380.999999985,32.996561111111056,Underestimated,Medium-High (Q3)
Diogo Dalot,Manchester Utd,DF,23.0,20999999.99999998,1.7936232e+07,3063767.9999999814,3063767.9999999814,14.58937142857135,Underestimated,Medium-High (Q3)
Eric Dier,Tottenham,DF,28.0,20000000.000000015,1.2904601e+07,7095399.000000015,7095399.000000015,35.47699500000005,Underestimated,Medium-High (Q3)
Ezri Konsa,Aston Villa,DF,24.0,32499999.999999955,7.5214245e+06,24978575.499999955,24978575.499999955,76.85715538461535,Underestimated,High (Q4)
Fabian Schär,Newcastle Utd,DF,30.0,8499999.999999998,1.6586057e+07,-8086057.000000002,8086057.000000002,95.13008235294122,Overestimated,Medium-Low (Q2)
Gabriel Magalhães,Arsenal,DF,24.0,36999999.99999993,2.285205e+07,14147949.999999933,14147949.999999933,38.23770270270259,Underestimated,High (Q4)
Harry Maguire,Manchester Utd,DF,29.0,24000000.0,1.0125943e+07,13874057.0,13874057.0,57.80857083333333,Underestimated,Medium-High (Q3)
Harry Toffolo,Nott'ham Forest,DF,26.0,2800000.000000002,4.543205e+06,-1743204.9999999981,1743204.9999999981,62.25732142857132,Overestimated,Low (Q1)
Hugo Bueno,Wolves,DF,19.0,600000.0000000003,1.7323982e+06,-1132398.2499999995,1132398.2499999995,188.73304166666648,Overestimated,Low (Q1)
Ibrahima Konaté,Liverpool,DF,23.0,48000000.00000006,2.191131e+07,26088690.00000006,26088690.00000006,54.35143750000005,Underestimated,High (Q4)
Issa Diop,Fulham,DF,25.0,14000000.00000001,7.951795e+06,6048205.000000009,6048205.000000009,43.20146428571432,Underestimated,Medium-Low (Q2)
Ivan Perišić,Tottenham,DF,33.0,26499999.999999996,1.5274372e+07,11225627.999999996,11225627.999999996,42.360860377358485,Underestimated,Medium-High (Q3)
James Garner,Everton,MF,21.0,4999999.999999999,3.3469635e+06,1653036.499999999,1653036.499999999,33.060729999999985,Underestimated,Low (Q1)
James Milner,Liverpool,MF,36.0,4399999.999999997,6.6396915e+06,-2239691.500000003,2239691.500000003,50.90207954545464,Overestimated,Low (Q1)
James Tarkowski,Everton,DF,29.0,14499999.99999999,5.7475385e+06,8752461.49999999,8752461.49999999,60.36180344827584,Underestimated,Medium-High (Q3)
Jan Paul van Hecke,Brighton,DF,22.0,3900000.000000008,4.2771875e+06,-377187.4999999921,377187.4999999921,9.671474358974136,Overestimated,Low (Q1)
Joachim Andersen,Crystal Palace,DF,26.0,12000000.000000007,7.4977765e+06,4502223.500000007,4502223.500000007,37.5185291666667,Underestimated,Medium-Low (Q2)
Joe Gomez,Liverpool,DF,25.0,33999999.99999994,1.1510299e+07,22489700.99999994,22489700.99999994,66.14617941176465,Underestimated,High (Q4)
Joe Worrall,Nott'ham Forest,DF,25.0,6000000.0,6.467958e+06,-467958.0,467958.0,7.799300000000001,Overestimated,Low (Q1)
Joel Ward,Crystal Palace,DF,32.0,2900000.0000000014,4.1771502e+06,-1277150.2499999986,1277150.2499999986,44.03966379310338,Overestimated,Low (Q1)
John Stones,Manchester City,DF,28.0,34499999.99999998,1.2205626e+07,22294373.999999978,22294373.999999978,64.62137391304346,Underestimated,High (Q4)
Jonny Castro,Wolves,DF,28.0,16000000.000000026,9.504554e+06,6495446.000000026,6495446.000000026,40.596537500000096,Underestimated,Medium-High (Q3)
João Cancelo,Manchester City,DF,28.0,82499999.99999975,1.0984461e+07,71515538.99999975,71515538.99999975,86.68550181818178,Underestimated,High (Q4)
Joël Matip,Liverpool,DF,30.0,34499999.99999998,1.0286404e+07,24213595.999999978,24213595.999999978,70.18433623188403,Underestimated,High (Q4)
Joël Veltman,Brighton,DF,30.0,11500000.000000019,4.1955915e+06,7304408.500000019,7304408.500000019,63.51659565217397,Underestimated,Medium-Low (Q2)
Kalidou Koulibaly,Chelsea,DF,31.0,54500000.00000007,1.0730579e+07,43769421.00000007,43769421.00000007,80.3108642201835,Underestimated,High (Q4)
Kenny Tete,Fulham,DF,26.0,4799999.999999999,6.429962e+06,-1629962.000000001,1629962.000000001,33.95754166666669,Overestimated,Low (Q1)
Kieran Tierney,Arsenal,DF,25.0,33000000.000000015,1.2926575e+07,20073425.000000015,20073425.000000015,60.82856060606062,Underestimated,High (Q4)
Kieran Trippier,Newcastle Utd,DF,31.0,30499999.999999948,1.2131587e+07,18368412.999999948,18368412.999999948,60.22430491803272,Underestimated,High (Q4)
Kostas Tsimikas,Liverpool,DF,26.0,12499999.999999985,1.8666818e+07,-6166818.000000015,6166818.000000015,49.33454400000018,Overestimated,Medium-Low (Q2)
Kristoffer Ajer,Brentford,DF,24.0,11500000.000000019,6.4385465e+06,5061453.500000019,5061453.500000019,44.01263913043487,Underestimated,Medium-Low (Q2)
Kurt Zouma,West Ham,DF,27.0,22500000.00000001,2.6448138e+07,-3948137.999999989,3948137.999999989,17.547279999999944,Overestimated,Medium-High (Q3)
Kyle Walker,Manchester City,DF,32.0,37500000.0,9.712686e+06,27787314.0,27787314.0,74.09950400000001,Underestimated,High (Q4)
Levi Colwill,Brighton,DF,19.0,3500000.0000000056,2.6274548e+06,872545.2500000056,872545.2500000056,24.929864285714405,Underestimated,Low (Q1)
Lewis Hall,Chelsea,DF,17.0,700000.0000000006,764441.2,-64441.18749999942,64441.18749999942,9.205883928571337,Overestimated,Low (Q1)
Lisandro Martínez,Manchester Utd,DF,24.0,35000000.000000015,1.3416871e+07,21583129.000000015,21583129.000000015,61.66608285714288,Underestimated,High (Q4)
Lucas Digne,Aston Villa,DF,29.0,27500000.000000015,5.254753e+06,22245247.000000015,22245247.000000015,80.89180727272728,Underestimated,Medium-High (Q3)
Lucas Moura,Tottenham,MF,29.0,20500000.000000022,1.4936515e+07,5563485.000000022,5563485.000000022,27.138951219512276,Underestimated,Medium-High (Q3)
Luke Shaw,Manchester Utd,DF,27.0,22500000.00000001,1.2044504e+07,10455496.000000011,10455496.000000011,46.468871111111135,Underestimated,Medium-High (Q3)
Mads Roerslev,Brentford,DF,23.0,2100000.0000000047,5.4900645e+06,-3390064.4999999953,3390064.4999999953,161.4316428571423,Overestimated,Low (Q1)
Marc Guéhi,Crystal Palace,DF,22.0,29499999.999999966,7.0228105e+06,22477189.499999966,22477189.499999966,76.19386271186438,Underestimated,Medium-High (Q3)
Mason Holgate,Everton,DF,25.0,6499999.999999999,5.1173955e+06,1382604.499999999,1382604.499999999,21.27083846153845,Underestimated,Low (Q1)
Matt Doherty,Tottenham,DF,30.0,8999999.999999996,9.428197e+06,-428197.0000000037,428197.0000000037,4.757744444444488,Overestimated,Medium-Low (Q2)
Matt Targett,Newcastle Utd,DF,26.0,12000000.000000007,9.327335e+06,2672665.0000000075,2672665.0000000075,22.27220833333338,Underestimated,Medium-Low (Q2)
Matty Cash,Aston Villa,DF,24.0,24500000.000000007,5.3182155e+06,19181784.500000007,19181784.500000007,78.29299795918368,Underestimated,Medium-High (Q3)
Max Kilman,Wolves,DF,25.0,14499999.99999999,1.3602264e+07,897735.9999999907,897735.9999999907,6.19128275862063,Underestimated,Medium-High (Q3)
Moussa Niakhate,Nott'ham Forest,DF,26.0,15499999.999999987,4.729866e+06,10770133.999999987,10770133.999999987,69.48473548387094,Underestimated,Medium-High (Q3)
Nathan Aké,Manchester City,DF,27.0,15000000.00000001,1.2863071e+07,2136929.0000000093,2136929.0000000093,14.246193333333387,Underestimated,Medium-High (Q3)
Nathan Collins,Wolves,DF,21.0,10499999.999999994,1.1261627e+07,-761627.0000000056,761627.0000000056,7.253590476190533,Overestimated,Medium-Low (Q2)
Nathan Patterson,Everton,DF,20.0,2000000.0000000016,2.0023745e+06,-2374.49999999837,2374.49999999837,0.11872499999991842,Overestimated,Low (Q1)
Nathaniel Clyne,Crystal Palace,DF,31.0,3099999.9999999986,4.3038905e+06,-1203890.5000000014,1203890.5000000014,38.8351774193549,Overestimated,Low (Q1)
Nayef Aguerd,West Ham,DF,26.0,24500000.000000007,1.2654521e+07,11845479.000000007,11845479.000000007,48.348893877551035,Underestimated,Medium-High (Q3)
Neco Williams,Nott'ham Forest,DF,21.0,4000000.0000000005,3.0601775e+06,939822.5000000005,939822.5000000005,23.49556250000001,Underestimated,Low (Q1)
Oleksandr Zinchenko,Arsenal,DF,25.0,21500000.00000001,1.4851604e+07,6648396.000000011,6648396.000000011,30.922772093023294,Underestimated,Medium-High (Q3)
Pascal Groß,Brighton,MF,31.0,8499999.999999998,6.6479155e+06,1852084.4999999981,1852084.4999999981,21.789229411764687,Underestimated,Medium-Low (Q2)
Raphaël Varane,Manchester Utd,DF,29.0,39000000.00000001,1.8026054e+07,20973946.000000007,20973946.000000007,53.77934871794873,Underestimated,High (Q4)
Rayan Aït-Nouri,Wolves,DF,21.0,16000000.000000026,6.4157205e+06,9584279.500000026,9584279.500000026,59.901746875000065,Underestimated,Medium-High (Q3)
Reece James,Chelsea,DF,22.0,57000000.000000045,8.94394e+06,48056060.000000045,48056060.000000045,84.30887719298246,Underestimated,High (Q4)
Rob Holding,Arsenal,DF,26.0,11500000.000000019,9.141452e+06,2358548.0000000186,2358548.0000000186,20.50911304347839,Underestimated,Medium-Low (Q2)
Ruben Loftus-Cheek,Chelsea,MF,26.0,9500000.000000015,1.2330884e+07,-2830883.999999985,2830883.999999985,29.798778947368216,Overestimated,Medium-Low (Q2)
Ryan Sessegnon,Tottenham,DF,22.0,12000000.000000007,1.0160264e+07,1839736.0000000075,1839736.0000000075,15.331133333333385,Underestimated,Medium-Low (Q2)
Rúben Dias,Manchester City,DF,25.0,107500000.00000043,1.6802964e+07,90697036.00000043,90697036.00000043,84.36933581395355,Underestimated,High (Q4)
Scott McKenna,Nott'ham Forest,DF,25.0,4000000.0000000005,5.486767e+06,-1486766.9999999995,1486766.9999999995,37.16917499999998,Overestimated,Low (Q1)
Solly March,Brighton,FW,28.0,5500000.000000001,8.680337e+06,-3180336.999999999,3180336.999999999,57.82430909090907,Overestimated,Low (Q1)
Sven Botman,Newcastle Utd,DF,22.0,30999999.999999978,1.5079556e+07,15920443.999999978,15920443.999999978,51.3562709677419,Underestimated,High (Q4)
Séamus Coleman,Everton,DF,33.0,3900000.000000008,3.0971595e+06,802840.5000000079,802840.5000000079,20.585653846154006,Underestimated,Low (Q1)
Takehiro Tomiyasu,Arsenal,DF,23.0,25999999.999999985,1.4053199e+07,11946800.999999985,11946800.999999985,45.94923461538458,Underestimated,Medium-High (Q3)
Tariq Lamptey,Brighton,DF,21.0,12000000.000000007,3.1285975e+06,8871402.500000007,8871402.500000007,73.9283541666667,Underestimated,Medium-Low (Q2)
Thiago Silva,Chelsea,DF,37.0,12000000.000000007,9.963613e+06,2036387.0000000075,2036387.0000000075,16.96989166666672,Underestimated,Medium-Low (Q2)
Tim Ream,Fulham,DF,34.0,525000.0000000003,3.2524882e+06,-2727488.2499999995,2727488.2499999995,519.521571428571,Overestimated,Low (Q1)
Tosin Adarabioyo,Fulham,DF,24.0,11500000.000000019,5.1054625e+06,6394537.500000019,6394537.500000019,55.60467391304355,Underestimated,Medium-Low (Q2)
Toti Gomes,Wolves,DF,23.0,2599999.9999999986,1.3741829e+07,-11141829.000000002,11141829.000000002,428.5318846153849,Overestimated,Low (Q1)
Trent Alexander-Arnold,Liverpool,DF,23.0,100500000.0000001,2.7863548e+07,72636452.0000001,72636452.0000001,72.27507661691546,Underestimated,High (Q4)
Trevoh Chalobah,Chelsea,DF,23.0,11000000.000000013,1.2380303e+07,-1380302.999999987,1380302.999999987,12.548209090908957,Overestimated,Medium-Low (Q2)
Tyrone Mings,Aston Villa,DF,29.0,12000000.000000007,5.6524715e+06,6347528.500000007,6347528.500000007,52.89607083333336,Underestimated,Medium-Low (Q2)
Victor Lindelöf,Manchester Utd,DF,28.0,20999999.99999998,1.487746e+07,6122539.999999981,6122539.999999981,29.15495238095232,Underestimated,Medium-High (Q3)
Virgil van Dijk,Liverpool,DF,31.0,97999999.99999994,1.4572434e+07,83427565.99999994,83427565.99999994,85.13016938775509,Underestimated,High (Q4)
Vitaliy Mykolenko,Everton,DF,23.0,14499999.99999999,5.6974075e+06,8802592.49999999,8802592.49999999,60.7075344827586,Underestimated,Medium-High (Q3)
Vladimír Coufal,West Ham,DF,29.0,18500000.000000034,1.0806018e+07,7693982.0000000335,7693982.0000000335,41.589091891892,Underestimated,Medium-High (Q3)
William Saliba,Arsenal,DF,21.0,39999999.999999985,1.2744725e+07,27255274.999999985,27255274.999999985,68.13818749999999,Underestimated,High (Q4)
Yerry Mina,Everton,DF,27.0,11000000.000000013,5.290696e+06,5709304.000000013,5709304.000000013,51.902763636363694,Underestimated,Medium-Low (Q2)
